model,training_seed,axis,level_s,evaluation_seeds,mean_pickups,mean_degradation_rate,faithfulness_records,stale_exposed_records,paired_stale_exposed_records,mean_primary_type_matched_def,mean_standard_type_matched_def_sensitivity,mean_action_protected_def_m,mean_attention_drift,mean_stale_attention_share_when_exposed,mean_stale_attention_mass_when_exposed,mean_stale_attention_shift_when_exposed,stale_in_top3_rate_when_exposed,mean_wamsn_when_exposed_secondary,mean_paired_primary_type_matched_def_delta,mean_paired_primary_type_matched_def_m_delta
B2_gat,42,clean,0.0,8,12.833333333333334,0.0,395,0,0,-0.00028994910773776837,-2.00550534107067e-05,-0.0015223272563702614,0.0,,,,,,,
B2_gat,42,outage_duration,10.0,8,12.833333333333334,0.008167775273289612,730,335,335,-0.00018402233655198636,-1.0759649795965927e-05,-0.0011264570371100776,2.2235208175398838e-05,0.171628115687935,0.15401746607952646,0.0026967298003408905,0.8567164179104477,0.028604686800475235,-8.272611679722386e-06,-4.4034399944751354e-05
B2_gat,42,outage_duration,20.0,8,12.833333333333334,0.015782697701086194,986,607,607,-0.00013999025846458488,-4.784602399737167e-06,-0.0009137799850571046,4.489442188709796e-05,0.17155502885841672,0.14910716151933365,0.0035436158671372352,0.8467874794069192,0.0413982401900129,2.6025934444555404e-05,6.856644676485799e-05
B2_gat,42,outage_duration,30.0,8,12.833333333333334,0.02300790567666832,1214,851,851,-0.00012442850874128174,-1.1924233844057626e-07,-0.0008269733362060656,6.196185691745138e-05,0.1716981219099362,0.1448728211702072,0.0041605939912954,0.8401880141010576,0.05419427897706956,5.1146035352222026e-05,0.00016841449578906633
B2_gat,42,outage_duration,60.0,8,12.791666666666668,0.03176938036684345,1511,1193,1193,-9.889739659930957e-05,3.2018404100951434e-07,-0.0006389798104997779,8.347093226405642e-05,0.17291546023411225,0.13719877925350468,0.004874753253638183,0.8407376362112322,0.07681595307899565,0.0001426996495111524,0.0005206769222477424
B2_gat,43,clean,0.0,8,12.791666666666668,0.0,396,0,0,-0.00023811985325964167,-2.1370836702580183e-05,-0.001068494567176798,0.0,,,,,,,
B2_gat,43,outage_duration,10.0,8,12.791666666666668,0.008199263304076398,733,337,337,-0.0001132963247050932,0.0015585873530774817,-0.0004948023570630568,1.7860864821088696e-06,0.1691351508278446,0.14565873959217096,0.0006111300076106823,0.857566765578635,0.028189192644744156,7.089055286081089e-05,0.00026729044114800506
B2_gat,43,outage_duration,20.0,8,12.791666666666668,0.01579947288409907,991,611,611,-6.37511894088214e-05,0.0014780714613699046,-0.00018962525160824426,2.4435792948927065e-06,0.16852323541039296,0.13882706017584506,0.0006228125967644212,0.8477905073649754,0.040626528172717,0.0001046496055780443,0.00038394610038300543
B2_gat,43,outage_duration,30.0,8,12.791666666666668,0.023006460716733332,1224,860,860,-5.946727998997508e-05,0.0007863141117420151,-0.00012955996370355642,2.567534979384075e-06,0.16815631370962097,0.13312187707720308,0.0006633768646446394,0.8418604651162791,0.053076947896269835,0.00010691408616627823,0.0003990535256127977
B2_gat,43,outage_duration,60.0,8,12.791666666666668,0.03126153510444929,1525,1201,1201,-7.648438468638826e-05,0.0006327166590698962,-0.00026199818441742317,3.153442832894439e-06,0.168476868901508,0.12334590020503323,0.000712034360052195,0.832639467110741,0.07421253557429683,0.00011772929323470629,0.00044491152601410135
B2_gat,44,clean,0.0,8,12.895833333333332,0.0,398,0,0,-0.00027416555574105174,-1.931968818670549e-05,-0.0013355309251032977,0.0,,,,,,,
B2_gat,44,outage_duration,10.0,8,12.895833333333332,0.00814861636830495,735,337,337,-0.0001265549500563748,-6.426680556391557e-06,-0.0006445289154847467,5.858860457098815e-05,0.16417678773097721,0.1462986592471958,-0.0029296887186429236,0.0,0.027362798770637794,2.6512383294506326e-05,8.844497340015578e-05
B2_gat,44,outage_duration,20.0,8,12.895833333333332,0.015705667293442006,993,611,611,-6.87310925583714e-05,-1.5042911357697087e-06,-0.00032944865649778586,9.997706767455183e-05,0.16319999458752243,0.14060415730777376,-0.003400442760725258,0.01309328968903437,0.039307916043429265,4.8710345669125674e-05,0.00015717939688609196
B2_gat,44,outage_duration,30.0,8,12.895833333333332,0.022873003766364607,1225,859,859,-6.384785116084288e-05,1.6914380677633426e-06,-0.0002951282355242704,0.00012345789129598845,0.16260961248874312,0.13567571396645206,-0.003681184048531006,0.023282887077997673,0.051222778719397365,7.030818875926753e-05,0.0002376796460147049
B2_gat,44,outage_duration,60.0,8,12.895833333333332,0.03126617085196285,1530,1204,1204,-0.0001237728976838079,-4.524018895762669e-07,-0.0006309258320880501,0.0001365766092169691,0.1618926708827307,0.12637379502144844,-0.0038489185603415407,0.040697674418604654,0.07110810233350258,0.00011064122355690567,0.0003757501767735805
B2_gat,45,clean,0.0,8,12.8125,0.0,398,0,0,4.35488310250096e-05,3.97962531703573e-06,0.00024548525536301105,0.0,,,,,,,
B2_gat,45,outage_duration,10.0,8,12.8125,0.008158898379769998,735,337,337,2.341824232104953e-05,2.9974870333428586e-06,0.00013965855017850906,4.345518818622371e-05,0.171096950226702,0.15138616141385994,0.0034890565258143256,0.857566765578635,0.028516159220964742,6.628040920733003e-06,2.321505405075119e-05
B2_gat,45,outage_duration,20.0,8,12.8125,0.015726231316372102,992,610,610,2.2154028216997778e-05,3.9297218124071744e-06,0.00012999039769512284,6.953535924497138e-05,0.1714652985260205,0.14626202331844976,0.003980541655395166,0.8475409836065574,0.04140109193749522,2.9210974284207334e-06,1.1736433036991552e-05
B2_gat,45,outage_duration,30.0,8,12.8125,0.022903849800759754,1223,857,857,1.9189863770747252e-05,3.3897795493726813e-06,0.00011273684003348881,8.605710623888994e-05,0.1718673482581397,0.14163450363020766,0.004299683259300676,0.8413068844807468,0.05437912340729139,-2.608573167809181e-06,-8.06002591844192e-06
B2_gat,45,outage_duration,60.0,8,12.875,0.03128271347714606,1529,1204,1204,6.716380769312909e-06,2.4762540513278528e-06,4.355615806739334e-05,9.643929565804551e-05,0.17253939583743433,0.13244096573671893,0.004408649379107858,0.8438538205980066,0.07657591170356555,-2.8892776259486358e-05,-0.00010501351269376633
B2_gat,46,clean,0.0,8,12.916666666666666,0.0,396,0,0,-0.000303207919441698,-0.0020163594969088527,-0.0014910160867190449,0.0,,,,,,,
B2_gat,46,outage_duration,10.0,8,12.916666666666666,0.008159381035903579,733,337,337,-0.00016810961953666717,-0.0001784149761634777,-0.0009004917943507658,2.27728807814488e-05,0.1687825724794658,0.1470520499520937,0.002353928643921036,0.857566765578635,0.028130429584929735,1.6149832810893484e-05,5.189201229875551e-05
B2_gat,46,outage_duration,20.0,8,12.916666666666666,0.01592373750914241,992,612,612,-0.00010868586972355836,-0.0009425449532767139,-0.0005545569294028811,3.135872300857009e-05,0.1696349730101095,0.14177215462316603,0.0024415179552342145,0.8464052287581699,0.04105487051514102,4.681359432751306e-05,0.00015328660696615066
B2_gat,46,outage_duration,30.0,8,12.916666666666666,0.023298379530166786,1224,860,860,-9.236151174442402e-05,-0.00041330289480683116,-0.00053844637525937,3.92651333930733e-05,0.17028657467860447,0.13705283135881582,0.0025781036743830425,0.8395348837209302,0.05400058851857294,6.79023321284805e-05,0.00022684614441191505
B2_gat,46,outage_duration,60.0,8,12.916666666666666,0.031906916345210236,1528,1205,1205,-0.00011863307190869393,0.0003200592618145627,-0.0006717251819007249,4.7868907184121155e-05,0.17071656893447282,0.12754813303697193,0.0025756270065003264,0.8273858921161825,0.07550428351259213,0.000111442839579958,0.00037751100153596577
H5_gat_degraded,42,clean,0.0,8,12.958333333333334,0.0,398,0,0,-0.0003409015221728219,-3.178215642270301e-05,-0.0017584468285092199,0.0,,,,,,,
H5_gat_degraded,42,outage_duration,10.0,8,12.958333333333334,0.0081546499281177,735,337,337,-0.00021181393430743785,-1.8263012262265914e-05,-0.001230945698673429,1.6278938757690323e-05,0.17033806480470667,0.15084268100992382,0.0024351984300691027,0.857566765578635,0.02838967831352943,2.2953789972292136e-05,8.250013229637065e-05
H5_gat_degraded,42,outage_duration,20.0,8,12.958333333333334,0.015717734413067508,992,610,610,-0.00014202477131038894,-1.3109714724123477e-05,-0.0008595083899297597,3.1888223372365035e-05,0.1706113585807877,0.1458006215416517,0.003109205886551429,0.8475409836065574,0.04118632079831541,5.6459516938266847e-05,0.00019706536104770284
H5_gat_degraded,42,outage_duration,30.0,8,12.958333333333334,0.022889366886725854,1222,856,856,-9.727119242103356e-05,-9.926006824839077e-06,-0.0005985513001587158,4.672612348936115e-05,0.17096567697115211,0.1412162691753012,0.0036246373703102,0.8411214953271028,0.054042641429305226,7.186224248921763e-05,0.00026281302246465306
H5_gat_degraded,42,outage_duration,60.0,8,13.020833333333334,0.03126072946810545,1527,1200,1200,-3.68386190779944e-05,-7.109179925382806e-06,-0.0002309969299653125,6.918874410092438e-05,0.1721201071051508,0.13243724087140085,0.0042168101143999865,0.8433333333333334,0.0764311454352986,0.00014717870888610683,0.0005580994252425927
H5_gat_degraded,43,clean,0.0,8,12.270833333333334,0.0,386,0,0,-0.0012686693756830975,0.005924509496129809,-0.007417365779343262,0.0,,,,,,,
H5_gat_degraded,43,outage_duration,10.0,8,12.270833333333334,0.008339432453428795,722,336,336,-0.0006712092243650424,0.005296727385161059,-0.003926543046017083,9.931998395106979e-06,0.16619826103698315,0.14209731397894126,-0.0008393958988423109,0.8571428571428571,0.02769971099834622,6.094925874282445e-05,0.000398883649281093
H5_gat_degraded,43,outage_duration,20.0,8,12.270833333333334,0.01647854439403708,984,614,614,-0.0004082733236867871,0.004709732875710837,-0.002296425490618841,1.6406542279870915e-05,0.16580699209596136,0.13504019124388097,-0.0008604085150657868,0.8143322475570033,0.040110850974281985,9.02843777895233e-05,0.000592049051897275
H5_gat_degraded,43,outage_duration,30.0,8,12.270833333333334,0.024022169215088658,1222,868,868,-0.0005054724475664229,-0.0009272483009302505,-0.002655423780387018,2.0463179636193335e-05,0.16569669284219038,0.12939170225989202,-0.0007746293666500409,0.6682027649769585,0.052577973062511094,0.00013124985926528482,0.0008230330516940437
H5_gat_degraded,43,outage_duration,60.0,8,12.270833333333334,0.03164868378758348,1531,1217,1217,-0.0008115494054831882,-0.00025398457886079514,-0.004565641654521577,2.3186220188091326e-05,0.16625462110686876,0.11930280101757076,-0.0004845654094322882,0.47658175842235007,0.07367821159310613,0.00014936400195305642,0.0009314690476017633
H5_gat_degraded,44,clean,0.0,8,12.8125,0.0,398,0,0,-9.885928134748254e-05,-8.068171249745527e-06,-0.0005133265313901463,0.0,,,,,,,
H5_gat_degraded,44,outage_duration,10.0,8,12.8125,0.008131432989178143,733,335,335,-2.117280286546841e-05,-6.8842795478364805e-06,-2.2781138937528485e-05,3.004147273826773e-05,0.16677879477231114,0.15402568412465992,-0.0018490057856191341,0.0,0.027796466623784426,5.410290772642067e-05,0.00017345147049842186
H5_gat_degraded,44,outage_duration,20.0,8,12.8125,0.015706342707681203,989,607,607,3.7477962869024415e-05,-6.2613756972743295e-06,0.0003776104961472907,4.8802705419988886e-05,0.165280739404108,0.14909836617752703,-0.0022543928240088607,0.0032948929159802307,0.03975286263114794,0.00010775558114510067,0.0003223475370042636
H5_gat_degraded,44,outage_duration,30.0,8,12.8125,0.022895317606287175,1217,851,851,6.775982060083533e-05,-3.622690836588541e-06,0.000611924080215743,6.177867105827831e-05,0.1642978659464574,0.14478806011005024,-0.0025912712400675514,0.01880141010575793,0.05155819643734153,0.00013919628359876412,0.00043845675258958895
H5_gat_degraded,44,outage_duration,60.0,8,12.6875,0.03163863355658875,1514,1193,1193,8.907959624125519e-05,-1.4720006507271406e-06,0.0006515106667624617,7.5054179468332e-05,0.16334270956943397,0.13696075693155702,-0.0030907280646294715,0.04274937133277452,0.07161568055037038,0.00019141717700193515,0.0006120687607726795
H5_gat_degraded,45,clean,0.0,8,12.8125,0.0,397,0,0,4.084321085586914e-05,5.750761579890604e-06,0.00021850471361656103,0.0,,,,,,,
H5_gat_degraded,45,outage_duration,10.0,8,12.8125,0.008187899891162425,734,337,337,1.1847203489745802e-05,2.607578116149479e-06,5.981072087374748e-05,4.159890356245357e-05,0.17105511273850077,0.1513467579565404,0.0033983568835123617,0.857566765578635,0.02850918630605673,-6.109122352713333e-06,-2.31003725917827e-05
H5_gat_degraded,45,outage_duration,20.0,8,12.8125,0.015774838243863314,992,611,611,2.3499618594843535e-06,1.3538918768366177e-06,3.0783910725068656e-06,6.671177413804703e-05,0.17139147050398054,0.14617863925510635,0.003878215907922037,0.8477905073649754,0.04140611251686501,-2.2106496967777733e-05,-7.991922630095691e-05
H5_gat_degraded,45,outage_duration,30.0,8,12.8125,0.02297032458527274,1224,859,859,-6.939568713268808e-06,5.883102134370706e-07,-5.5941809750870176e-05,8.267451371991031e-05,0.17177153226276243,0.14152327986627578,0.004191589368076991,0.8416763678696159,0.05438290292863207,-3.500426080414712e-05,-0.00013102835863192618
H5_gat_degraded,45,outage_duration,60.0,8,12.8125,0.031213751445962327,1526,1200,1200,-3.324993948886418e-05,5.952511234083289e-07,-0.00018748469873006575,9.258036149677672e-05,0.1724296911963858,0.13246408467864929,0.004298986200494244,0.8441666666666666,0.07612748216675726,-7.511093591650322e-05,-0.0002829068174792662
H5_gat_degraded,46,clean,0.0,8,12.75,0.0,395,0,0,-0.0008233474786319429,-6.805541338743988e-05,-0.0038733227101410677,0.0,,,,,,,
H5_gat_degraded,46,outage_duration,10.0,8,12.75,0.008218002413799904,732,337,337,-0.0004586541781454913,-4.018224867773644e-05,-0.0023493964992532573,1.7463501591272486e-05,0.17008687889726,0.14985546650717857,0.0018854140406962846,0.857566765578635,0.028347813994374003,1.5206901774797516e-05,6.05995253715979e-05
H5_gat_degraded,46,outage_duration,20.0,8,12.75,0.015835006244198313,989,610,610,-0.00041299627159789527,-3.789020651606325e-05,-0.002131838804612366,2.403229933091495e-05,0.17006053571345117,0.14431733565933397,0.002013039757966659,0.8475409836065574,0.04102584149098057,9.138656607091123e-06,3.232336201058698e-05
H5_gat_degraded,46,outage_duration,30.0,8,12.75,0.02306055806330526,1219,856,856,-0.0004375101057150581,-3.024258447405349e-05,-0.0023376933578324,3.0978398346357636e-05,0.17018525741007415,0.1395808734238796,0.0021957713222971595,0.8411214953271028,0.053734334215429065,-3.905294642920168e-06,-1.9677018027206933e-05
H5_gat_degraded,46,outage_duration,60.0,8,12.75,0.031126729909944657,1518,1195,1195,-0.0005836309665648287,-2.7703820100796767e-05,-0.003100697977320543,3.965892536987946e-05,0.17083621900709242,0.1308139641056576,0.0022963181533846777,0.8393305439330544,0.0752849746901219,-5.488509787675225e-06,-2.3854989272697146e-05
